Workbook

Sheet Dashboard
A1: Client pipeline — your own numbers
A2: Everything below is counted from the Prospects and Daily Log tabs. Nothing is assumed.
A4: Prospects listed | B4: =COUNTA(Prospects!B2:B201) | C4: Names in the list
A5: Warm | B5: =COUNTIF(Prospects!E2:E201,"Warm")
A6: Referral | B6: =COUNTIF(Prospects!E2:E201,"Referral")
A7: Cold | B7: =COUNTIF(Prospects!E2:E201,"Cold")
A8: Message 1 sent | B8: =COUNTA(Prospects!G2:G201) | C8: People you have actually asked
A9: Replied | B9: =COUNTA(Prospects!H2:H201)
A10: Calls booked | B10: =COUNTA(Prospects!I2:I201)
A11: Offers sent | B11: =COUNTA(Prospects!J2:J201)
A12: Won | B12: =COUNTIF(Prospects!K2:K201,"Won")
A13: Lost / not now | B13: =COUNTIF(Prospects!K2:K201,"Lost")+COUNTIF(Prospects!K2:K201,"Not now")
A14: Reply rate | B14: =IF(B8=0,0,B9/B8) | C14: Under 10% after 60 sent: the message needs rewriting
A15: Ask → call rate | B15: =IF(B8=0,0,B10/B8)
A16: Call → won rate | B16: =IF(B10=0,0,B12/B10) | C16: Calls but no wins: the offer or the fee — note the objection
A17: Fees quoted on open offers (RM) | B17: =SUMIFS(Prospects!L2:L201,Prospects!K2:K201,"Open")
A18: Fees won (RM) | B18: =SUMIFS(Prospects!L2:L201,Prospects!K2:K201,"Won") | C18: Your numbers, from column L
A19: Messages sent, all time (Daily Log) | B19: ='Daily Log'!I3
A20: Messages sent, last 7 days | B20: ='Daily Log'!I2 | C20: Target 25
A23: Day-30 checkpoint
A24: Sent under 60 → the problem is sending. Sent over 60 and reply rate under 10% → the message. Calls held but nothing won → the offer or the fee.

Sheet Prospects
A1: # | B1: Name | C1: Company | D1: Role | E1: List | F1: Channel | G1: Message 1 sent | H1: Replied | I1: Call booked | J1: Offer sent | K1: Outcome | L1: Fee quoted (RM) | M1: Next product | N1: Next step | O1: Next step date | P1: Notes
A2: =IF(B2="","",ROW()-1) | B2: Example: A. Lim | C2: Example Sdn Bhd | D2: Finance Manager | E2: Warm | F2: LinkedIn | G2: 2026-09-15 | H2: 2026-09-16 | I2: 2026-09-19 | J2: 2026-09-19 | K2: Open | M2: Retainer | N2: Send fee in writing with one-pager | O2: 2026-09-22 | P2: Example row — replace it. Dates as YYYY-MM-DD.
A3: =IF(B3="","",ROW()-1)
A4: =IF(B4="","",ROW()-1)
A5: =IF(B5="","",ROW()-1)
A6: =IF(B6="","",ROW()-1)
A7: =IF(B7="","",ROW()-1)
A8: =IF(B8="","",ROW()-1)
A9: =IF(B9="","",ROW()-1)
A10: =IF(B10="","",ROW()-1)
A11: =IF(B11="","",ROW()-1)
A12: =IF(B12="","",ROW()-1)
A13: =IF(B13="","",ROW()-1)
A14: =IF(B14="","",ROW()-1)
... A201: =IF(B201="","",ROW()-1)
A203: Legend: type in the blue cells only. Column A numbers itself. Dates as YYYY-MM-DD so the Dashboard can count them. 'Fee quoted' is your number — nothing in this workbook suggests one.

Sheet Daily Log
A1: Date | B1: Messages sent | C1: Follow-ups sent | D1: Posts published | E1: Calls held | F1: Note | H1: Totals
A2: 2026-09-15 | B2: 5 | C2: 0 | D2: 1 | E2: 0 | F2: Example row — replace it. | H2: Messages, last 7 days | I2: =SUMPRODUCT((A2:A99<>"")*(A2:A99>=TEXT(TODAY()-6,"yyyy-mm-dd"))*(B2:B99))
H3: Messages, all time | I3: =SUM(B2:B99)
H4: Follow-ups, all time | I4: =SUM(C2:C99)
H5: Posts, all time | I5: =SUM(D2:D99)
H6: Calls, all time | I6: =SUM(E2:E99)
H8: Target: 5 messages a day, 5 days a week. Enter dates as YYYY-MM-DD text.

Sheet Offer Menu
A1: Tier | B1: Name | C1: What the buyer leaves with | D1: Fee (RM) | E1: Notes
A2: 1 | B2: Free 30-minute taster | C2: What the tools get wrong and how to check them. No policy. First two or three teams only, then never again. | D2: 0 | E2: Earns a reference
A3: 2 | B3: Half-day session (up to 20 people) | C3: How the tools work, the prompt frame, the checking method, ten situations to keep it out of, the policy drafted in the room, two tasks scored and assigned. | E3: Core offer
A4: 3 | B4: Full day with live workshop | C4: Tier 2 plus an afternoon rebuilding two of their real tasks end to end. | E4: Roughly double Tier 2
A5: 4 | B5: Half day + policy review + 30-day follow-up | C5: Tier 2, a written review of their draft policy, and a one-hour follow-up a month later. | E5: Premium
A6: 5 | B6: Monthly retainer — AI systems | C6: One hour of office hours a month, one new documented workflow a month, a quarterly policy review. | E6: Recurring; sold after Tier 2 or 4
A9: Yellow cells are yours to fill. No fee is suggested anywhere in this workbook: prices are your decision. Quote a fee, never an hourly rate; the second client pays more than the first; never discount — shrink the scope instead.
